<?xml version="1.0" encoding="UTF-8"?>

<!-- generated on 02/13/18 15:58:27 by SUMO duarouter Version 0.31.0
<?xml version="1.0" encoding="UTF-8"?>

<configuration xmlns:xsi="http://www.w3.org/2001/XMLSchema-instance" xsi:noNamespaceSchemaLocation="http://sumo.dlr.de/xsd/duarouterConfiguration.xsd">

    <input>
        <net-file value="osm.net.xml"/>
        <route-files value="osm.passenger.trips.xml"/>
    </input>

    <output>
        <output-file value="osm.passenger.rou.xml"/>
    </output>

    <processing>
        <ignore-errors value="true"/>
    </processing>

    <time>
        <begin value="0"/>
        <end value="3600.0"/>
    </time>

    <report>
        <no-warnings value="true"/>
        <no-step-log value="true"/>
    </report>

</configuration>
-->

<routes xmlns:xsi="http://www.w3.org/2001/XMLSchema-instance" xsi:noNamespaceSchemaLocation="http://sumo.dlr.de/xsd/routes_file.xsd">
    <vType id="passenger" speedFactor="normc(1.00,0.10,0.20,2.00)" vClass="passenger"/>
    <vehicle id="veh0" type="passenger" depart="0.00" departLane="best">
        <routeDistribution last="0">
            <route cost="104.71" probability="1.00000000" edges="-11949119 -54509010#6 -11830624#1 -11830624#0 -318681921#4 -318681921#3 -318681921#2 -318681921#1 -318681921#0 -335532205#0 -11851716"/>
        </routeDistribution>
    </vehicle>
    <vehicle id="veh3" type="passenger" depart="34.28" departLane="best">
        <routeDistribution last="0">
            <route cost="63.46" probability="1.00000000" edges="-11657438#2 -11657438#1 -11657438#0 54509012#3 -322188335 11742093#0 11742093#1 -11828372#1 -11828372#0"/>
        </routeDistribution>
    </vehicle>
    <vehicle id="veh4" type="passenger" depart="45.70" departLane="best">
        <routeDistribution last="0">
            <route cost="44.52" probability="1.00000000" edges="11734289#0 11822004#1 266070270 -11965026#0 11699690#6 11699690#7"/>
        </routeDistribution>
    </vehicle>
    <vehicle id="veh5" type="passenger" depart="57.13" departLane="best">
        <routeDistribution last="0">
            <route cost="59.31" probability="1.00000000" edges="11965026#0 11965026#1 -11742093#0 322188335 -54509012#3 11657438#0 11657438#1 -11657438#1"/>
        </routeDistribution>
    </vehicle>
    <vehicle id="veh6" type="passenger" depart="68.55" departLane="best">
        <routeDistribution last="0">
            <route cost="81.07" probability="1.00000000" edges="11963734#2 54509010#0 54509010#1 54509010#2 54509010#3 54509010#4 54509010#5 -11830624#1 11830624#1"/>
        </routeDistribution>
    </vehicle>
    <vehicle id="veh8" type="passenger" depart="91.40" departLane="best">
        <routeDistribution last="0">
            <route cost="65.08" probability="1.00000000" edges="54509010#2 -11742093#2 -11742093#1 -11742093#0 -11823485#3 -11823485#2 -11823485#1 -11823485#0 318681921#1 318681921#2 318681921#3 -318681921#3"/>
        </routeDistribution>
    </vehicle>
    <vehicle id="veh9" type="passenger" depart="102.83" departLane="best">
        <routeDistribution last="0">
            <route cost="55.85" probability="1.00000000" edges="-11699690#6 11965026#0 11965026#1 -11742093#0 -11823485#3 -11823485#2 11722673#2 -11722673#2"/>
        </routeDistribution>
    </vehicle>
    <vehicle id="veh10" type="passenger" depart="114.25" departLane="best">
        <routeDistribution last="0">
            <route cost="58.20" probability="1.00000000" edges="313329257#0 313329257#1 313329257#2 313329257#3 -318681921#3 -318681921#2 -318681921#1 11823485#0 11823485#1 11722673#2"/>
        </routeDistribution>
    </vehicle>
    <vehicle id="veh11" type="passenger" depart="125.68" departLane="best">
        <routeDistribution last="0">
            <route cost="65.16" probability="1.00000000" edges="11963734#2 54509010#0 54509010#1 54509010#2 54509010#3 54509010#4 54509010#5 54509010#6 11949119"/>
        </routeDistribution>
    </vehicle>
    <vehicle id="veh12" type="passenger" depart="137.10" departLane="best">
        <routeDistribution last="0">
            <route cost="153.34" probability="1.00000000" edges="-54509012#9 -54509012#5 -54509012#4 54509012#4"/>
        </routeDistribution>
    </vehicle>
    <vehicle id="veh13" type="passenger" depart="148.53" departLane="best">
        <routeDistribution last="0">
            <route cost="111.83" probability="1.00000000" edges="-313329257#3 313329257#3 -318681921#3 -318681921#2 -318681921#1 11823485#0 11823485#1 11823485#2 11823485#3 11742093#0 -11965026#1 -11965026#0 11699690#6 11699690#7 11699690#8"/>
        </routeDistribution>
    </vehicle>
    <vehicle id="veh14" type="passenger" depart="159.95" departLane="best">
        <routeDistribution last="0">
            <route cost="58.17" probability="1.00000000" edges="294779091#0 11828372#0 11828372#1 -11742093#1 -11742093#0 -11823485#3 11734289#2"/>
        </routeDistribution>
    </vehicle>
    <vehicle id="veh15" type="passenger" depart="171.38" departLane="best">
        <routeDistribution last="0">
            <route cost="71.01" probability="1.00000000" edges="313329257#2 313329257#3 -318681921#3 -318681921#2 -318681921#1 11823485#0 11823485#1 11823485#2 11823485#3 11742093#0 11742093#1 -11828372#1 11702104"/>
        </routeDistribution>
    </vehicle>
    <vehicle id="veh16" type="passenger" depart="182.80" departLane="best">
        <routeDistribution last="0">
            <route cost="36.09" probability="1.00000000" edges="11812897 -11690395#2 -11690395#1"/>
        </routeDistribution>
    </vehicle>
    <vehicle id="veh17" type="passenger" depart="194.23" departLane="best">
        <routeDistribution last="0">
            <route cost="64.34" probability="1.00000000" edges="-11823485#3 -11823485#2 -11823485#1 -11823485#0 318681921#1 318681921#2 318681921#3 -313329257#3 -313329257#2 -313329257#1 -313329257#0"/>
        </routeDistribution>
    </vehicle>
    <vehicle id="veh18" type="passenger" depart="205.65" departLane="best">
        <routeDistribution last="0">
            <route cost="130.16" probability="1.00000000" edges="-11699690#8 -11699690#7 -11699690#6 11965026#0 11965026#1 -11742093#0 -11823485#3 -11823485#2 -11823485#1 -11823485#0 318681921#1 318681921#2 318681921#3 -313329257#3 -313329257#2 -313329257#1 -366700511#2 -27643478"/>
        </routeDistribution>
    </vehicle>
    <vehicle id="veh19" type="passenger" depart="217.08" departLane="best">
        <routeDistribution last="0">
            <route cost="63.62" probability="1.00000000" edges="11722673#0 11822004#0 11734289#1 11823485#3 322188335 -322188335"/>
        </routeDistribution>
    </vehicle>
    <vehicle id="veh20" type="passenger" depart="228.50" departLane="best">
        <routeDistribution last="0">
            <route cost="86.52" probability="1.00000000" edges="-313329257#1 313329257#1 313329257#2 313329257#3 318681921#4 11830624#0 11830624#1 -11830624#1"/>
        </routeDistribution>
    </vehicle>
    <vehicle id="veh21" type="passenger" depart="239.93" departLane="best">
        <routeDistribution last="0">
            <route cost="35.07" probability="1.00000000" edges="-11830624#2 54509010#6"/>
        </routeDistribution>
    </vehicle>
    <vehicle id="veh22" type="passenger" depart="251.35" departLane="best">
        <routeDistribution last="0">
            <route cost="78.71" probability="1.00000000" edges="-11734289#2 11734289#2 54509012#2 11657438#0 11830624#1 54509010#6 11949119"/>
        </routeDistribution>
    </vehicle>
    <vehicle id="veh23" type="passenger" depart="262.78" departLane="best">
        <routeDistribution last="0">
            <route cost="92.15" probability="1.00000000" edges="-11734289#0 -11699690#2 -11699690#1 -11699690#0 -11823485#0 318681921#1 318681921#2 318681921#3 -313329257#3 -313329257#2 -313329257#1 -366700511#2"/>
        </routeDistribution>
    </vehicle>
    <vehicle id="veh24" type="passenger" depart="274.20" departLane="best">
        <routeDistribution last="0">
            <route cost="54.76" probability="1.00000000" edges="54509012#3 -54509012#3 -54509012#2 -54509012#1 -54509012#0 -318681921#3 -318681921#2 -318681921#1 -318681921#0 11810524"/>
        </routeDistribution>
    </vehicle>
    <vehicle id="veh25" type="passenger" depart="285.63" departLane="best">
        <routeDistribution last="0">
            <route cost="78.41" probability="1.00000000" edges="11657438#1 -11657438#1 -11657438#0 54509012#3 -322188335 11742093#0 11742093#1 -11828372#1 -11828372#0 11828372#0"/>
        </routeDistribution>
    </vehicle>
    <vehicle id="veh28" type="passenger" depart="319.90" departLane="best">
        <routeDistribution last="0">
            <route cost="48.60" probability="1.00000000" edges="-267171458 11818472 54509010#2 -11742093#2 -11742093#1 -11965026#1"/>
        </routeDistribution>
    </vehicle>
    <vehicle id="veh29" type="passenger" depart="331.33" departLane="best">
        <routeDistribution last="0">
            <route cost="73.80" probability="1.00000000" edges="-11822004#1 11734289#1 11734289#2 54509012#2 11657438#0 11830624#1 54509010#6 54509010#8"/>
        </routeDistribution>
    </vehicle>
    <vehicle id="veh30" type="passenger" depart="342.75" departLane="best">
        <routeDistribution last="0">
            <route cost="55.12" probability="1.00000000" edges="11734289#1 11823485#3 11742093#0 11742093#1 11742093#2 54509010#3 54509010#4 -468563989"/>
        </routeDistribution>
    </vehicle>
    <vehicle id="veh31" type="passenger" depart="354.18" departLane="best">
        <routeDistribution last="0">
            <route cost="39.94" probability="1.00000000" edges="335532205#0 318681921#0 318681921#1 318681921#2 318681921#3 318681921#4 11830624#0 11657438#1"/>
        </routeDistribution>
    </vehicle>
    <vehicle id="veh32" type="passenger" depart="365.61" departLane="best">
        <routeDistribution last="0">
            <route cost="96.32" probability="1.00000000" edges="-11830624#2 -54509010#5 -54509010#4 -54509010#3 -54509010#2 -54509010#1 -54509010#0 -11963734#2 -11963734#1 -11963734#0"/>
        </routeDistribution>
    </vehicle>
    <vehicle id="veh33" type="passenger" depart="377.03" departLane="best">
        <routeDistribution last="0">
            <route cost="50.32" probability="1.00000000" edges="11685539#0 -11951808 11699690#1 11722673#0 11822004#0 11822004#1 266070270 -11965026#0"/>
        </routeDistribution>
    </vehicle>
    <vehicle id="veh34" type="passenger" depart="388.46" departLane="best">
        <routeDistribution last="0">
            <route cost="108.75" probability="1.00000000" edges="-315560677#1 -315560677#0 -11742093#2 -11742093#1 -11742093#0 -11823485#3 -11823485#2 -11823485#1 -11823485#0 -318681921#0 -335532205#0 -11851716"/>
        </routeDistribution>
    </vehicle>
    <vehicle id="veh37" type="passenger" depart="422.73" departLane="best">
        <routeDistribution last="0">
            <route cost="60.73" probability="1.00000000" edges="-11699690#8 -11699690#7 -11699690#6 11965026#0 11965026#1 11742093#1"/>
        </routeDistribution>
    </vehicle>
    <vehicle id="veh38" type="passenger" depart="434.16" departLane="best">
        <routeDistribution last="0">
            <route cost="76.56" probability="1.00000000" edges="11963734#0 11963734#1 11963734#2 54509010#0 54509010#1 54509010#2 54509010#3 54509010#4 54509010#5 -54509010#5"/>
        </routeDistribution>
    </vehicle>
    <vehicle id="veh40" type="passenger" depart="457.01" departLane="best">
        <routeDistribution last="0">
            <route cost="75.39" probability="1.00000000" edges="54509012#5 -54509012#5 -54509010#3 -11742093#2 -11742093#1 -11742093#0 -11823485#3 -11734289#1 -11822004#0 -11722673#0 11699690#2"/>
        </routeDistribution>
    </vehicle>
    <vehicle id="veh41" type="passenger" depart="468.43" departLane="best">
        <routeDistribution last="0">
            <route cost="56.23" probability="1.00000000" edges="54509010#5 -11830624#1 -11830624#0 -318681921#4 -318681921#3 -318681921#2 318681921#2"/>
        </routeDistribution>
    </vehicle>
    <vehicle id="veh42" type="passenger" depart="479.86" departLane="best">
        <routeDistribution last="0">
            <route cost="46.77" probability="1.00000000" edges="-11657438#2 -11657438#1 11830624#1 54509010#6 11949119"/>
        </routeDistribution>
    </vehicle>
    <vehicle id="veh44" type="passenger" depart="502.71" departLane="best">
        <routeDistribution last="0">
            <route cost="84.73" probability="1.00000000" edges="-11830624#2 -11830624#1 -11830624#0 -318681921#4 -318681921#3 -318681921#2 -318681921#1 -318681921#0 11810524"/>
        </routeDistribution>
    </vehicle>
    <vehicle id="veh45" type="passenger" depart="514.13" departLane="best">
        <routeDistribution last="0">
            <route cost="85.98" probability="1.00000000" edges="-11699690#8 -11699690#7 -11699690#6 11965026#0 11965026#1 -11742093#0 -11823485#3 11734289#2 -54509012#1"/>
        </routeDistribution>
    </vehicle>
    <vehicle id="veh46" type="passenger" depart="525.56" departLane="best">
        <routeDistribution last="0">
            <route cost="103.86" probability="1.00000000" edges="-366700511#1 -366700511#0 27643478 366700511#2 313329257#1 313329257#2 313329257#3 318681921#4 11830624#0 11830624#1 54509010#6 54509010#8"/>
        </routeDistribution>
    </vehicle>
    <vehicle id="veh47" type="passenger" depart="536.98" departLane="best">
        <routeDistribution last="0">
            <route cost="52.88" probability="1.00000000" edges="318681921#1 -318681921#1 11823485#0 11823485#1 11823485#2 11823485#3 11742093#0 -11965026#1 -11965026#0"/>
        </routeDistribution>
    </vehicle>
    <vehicle id="veh48" type="passenger" depart="548.41" departLane="best">
        <routeDistribution last="0">
            <route cost="72.04" probability="1.00000000" edges="-54509010#8 -54509010#6 -11830624#1 -11830624#0 -318681921#4 -318681921#3 -318681921#2 -318681921#1 11823485#0 -11823485#0"/>
        </routeDistribution>
    </vehicle>
    <vehicle id="veh49" type="passenger" depart="559.83" departLane="best">
        <routeDistribution last="0">
            <route cost="47.79" probability="1.00000000" edges="322188335 -54509012#3 -54509012#2 -54509012#1 -54509012#0 318681921#4"/>
        </routeDistribution>
    </vehicle>
    <vehicle id="veh50" type="passenger" depart="571.26" departLane="best">
        <routeDistribution last="0">
            <route cost="83.24" probability="1.00000000" edges="-11963734#2 11963734#2 54509010#0 54509010#1 54509010#2 -11742093#2 -11742093#1 -11742093#0 -11823485#3 -11823485#2 -11823485#1 -11823485#0 -318681921#0 11810524"/>
        </routeDistribution>
    </vehicle>
    <vehicle id="veh51" type="passenger" depart="582.68" departLane="best">
        <routeDistribution last="0">
            <route cost="94.94" probability="1.00000000" edges="11851716 335532205#0 318681921#0 11823485#0 11823485#1 11823485#2 11823485#3 11742093#0 -11965026#1 -11965026#0 11699690#6"/>
        </routeDistribution>
    </vehicle>
    <vehicle id="veh52" type="passenger" depart="594.11" departLane="best">
        <routeDistribution last="0">
            <route cost="46.54" probability="1.00000000" edges="-11657438#0 54509012#3 54509012#4 -54509010#3 315560677#0 -315560677#0"/>
        </routeDistribution>
    </vehicle>
    <vehicle id="veh53" type="passenger" depart="605.53" departLane="best">
        <routeDistribution last="0">
            <route cost="40.84" probability="1.00000000" edges="-11657438#2 -11657438#1 11830624#1 -54509010#5 -54509010#4 54509010#4"/>
        </routeDistribution>
    </vehicle>
    <vehicle id="veh54" type="passenger" depart="616.96" departLane="best">
        <routeDistribution last="0">
            <route cost="48.82" probability="1.00000000" edges="318681921#1 -318681921#1 11823485#0 11823485#1 11823485#2 11823485#3 11742093#0 11742093#1 11742093#2 315560677#0"/>
        </routeDistribution>
    </vehicle>
    <vehicle id="veh55" type="passenger" depart="628.38" departLane="best">
        <routeDistribution last="0">
            <route cost="45.07" probability="1.00000000" edges="-11965026#1 -267171460 -11822004#1 -11822004#0 -11722673#0 -11699690#1"/>
        </routeDistribution>
    </vehicle>
    <vehicle id="veh56" type="passenger" depart="639.81" departLane="best">
        <routeDistribution last="0">
            <route cost="57.68" probability="1.00000000" edges="318681921#1 318681921#2 318681921#3 318681921#4 11830624#0 11830624#1 54509010#6 54509010#8"/>
        </routeDistribution>
    </vehicle>
    <vehicle id="veh57" type="passenger" depart="651.23" departLane="best">
        <routeDistribution last="0">
            <route cost="25.42" probability="1.00000000" edges="-11699690#3 -11699690#2 -11699690#1 11951808 11685539#1"/>
        </routeDistribution>
    </vehicle>
    <vehicle id="veh58" type="passenger" depart="662.66" departLane="best">
        <routeDistribution last="0">
            <route cost="69.15" probability="1.00000000" edges="11851716 335532205#0 318681921#0 11823485#0 -11742522"/>
        </routeDistribution>
    </vehicle>
    <vehicle id="veh59" type="passenger" depart="674.08" departLane="best">
        <routeDistribution last="0">
            <route cost="61.86" probability="1.00000000" edges="-54509010#3 -54509010#2 -54509010#1 -54509010#0 -11963734#2 -11963734#1 11699690#8"/>
        </routeDistribution>
    </vehicle>
    <vehicle id="veh60" type="passenger" depart="685.51" departLane="best">
        <routeDistribution last="0">
            <route cost="66.00" probability="1.00000000" edges="-11830624#2 -11830624#1 -11830624#0 318681921#5"/>
        </routeDistribution>
    </vehicle>
    <vehicle id="veh61" type="passenger" depart="696.93" departLane="best">
        <routeDistribution last="0">
            <route cost="50.90" probability="1.00000000" edges="-318681921#5 -318681921#4 -318681921#3 -318681921#2 -318681921#1 -318681921#0 -335532205#0 -11851716"/>
        </routeDistribution>
    </vehicle>
    <vehicle id="veh62" type="passenger" depart="708.36" departLane="best">
        <routeDistribution last="0">
            <route cost="151.36" probability="1.00000000" edges="-54509012#9 -54509012#5 54509010#4 54509010#5 54509010#6 11949119"/>
        </routeDistribution>
    </vehicle>
    <vehicle id="veh63" type="passenger" depart="719.79" departLane="best">
        <routeDistribution last="0">
            <route cost="43.25" probability="1.00000000" edges="-11810524 318681921#0 318681921#1 318681921#2 318681921#3 -313329257#3 -313329257#2 -313329257#1"/>
        </routeDistribution>
    </vehicle>
    <vehicle id="veh64" type="passenger" depart="731.21" departLane="best">
        <routeDistribution last="0">
            <route cost="82.62" probability="1.00000000" edges="54509012#4 -54509010#3 -11742093#2 -11742093#1 -11742093#0 -11823485#3 -11823485#2 -11823485#1 -11823485#0 -318681921#0 11810524"/>
        </routeDistribution>
    </vehicle>
    <vehicle id="veh66" type="passenger" depart="754.06" departLane="best">
        <routeDistribution last="0">
            <route cost="83.11" probability="1.00000000" edges="-11702104 11828372#1 -11742093#1 -11742093#0 -11823485#3 -11823485#2 -11823485#1 -11823485#0 -318681921#0 -335532205#0 -11851716"/>
        </routeDistribution>
    </vehicle>
    <vehicle id="veh67" type="passenger" depart="765.49" departLane="best">
        <routeDistribution last="0">
            <route cost="108.34" probability="1.00000000" edges="-27643478 27643478 366700511#2 313329257#1 313329257#2 313329257#3 -318681921#3 -318681921#2 -318681921#1 11823485#0 -11742522 11699690#1 11699690#2 11699690#3 11707545"/>
        </routeDistribution>
    </vehicle>
    <vehicle id="veh68" type="passenger" depart="776.91" departLane="best">
        <routeDistribution last="0">
            <route cost="66.72" probability="1.00000000" edges="-11823485#3 -11823485#2 -11823485#1 -11823485#0 -318681921#0 -335532205#0 -11851716"/>
        </routeDistribution>
    </vehicle>
    <vehicle id="veh69" type="passenger" depart="788.34" departLane="best">
        <routeDistribution last="0">
            <route cost="60.76" probability="1.00000000" edges="-11699690#0 11823485#1 11823485#2 11823485#3 11742093#0 11742093#1 11742093#2"/>
        </routeDistribution>
    </vehicle>
    <vehicle id="veh70" type="passenger" depart="799.76" departLane="best">
        <routeDistribution last="0">
            <route cost="89.33" probability="1.00000000" edges="-11823485#3 -11823485#2 -11823485#1 -11823485#0 318681921#1 318681921#2 318681921#3 -313329257#3 -313329257#2 -313329257#1 -366700511#2 -27643478 366700511#0 366700511#1"/>
        </routeDistribution>
    </vehicle>
    <vehicle id="veh71" type="passenger" depart="811.19" departLane="best">
        <routeDistribution last="0">
            <route cost="86.68" probability="1.00000000" edges="313329257#2 313329257#3 -318681921#3 -318681921#2 -318681921#1 11823485#0 11823485#1 11823485#2 11823485#3 11742093#0 -11965026#1 -11965026#0 11699690#6 -11699690#6"/>
        </routeDistribution>
    </vehicle>
    <vehicle id="veh72" type="passenger" depart="822.61" departLane="best">
        <routeDistribution last="0">
            <route cost="71.08" probability="1.00000000" edges="-11828372#0 11828372#0 11828372#1 -11742093#1 -11742093#0 -11823485#3 -11823485#2 -11823485#1 11823485#1"/>
        </routeDistribution>
    </vehicle>
    <vehicle id="veh74" type="passenger" depart="845.46" departLane="best">
        <routeDistribution last="0">
            <route cost="46.65" probability="1.00000000" edges="11963734#2 54509010#0 54509010#1 54509010#2 -11742093#2 -11742093#1 -11742093#0 -11823485#3"/>
        </routeDistribution>
    </vehicle>
    <vehicle id="veh75" type="passenger" depart="856.89" departLane="best">
        <routeDistribution last="0">
            <route cost="76.02" probability="1.00000000" edges="-11699690#7 -11699690#6 11965026#0 11965026#1 -11742093#0 -11823485#3 -11823485#2 11722673#2 11722673#3 -54509012#0"/>
        </routeDistribution>
    </vehicle>
    <vehicle id="veh76" type="passenger" depart="868.31" departLane="best">
        <routeDistribution last="0">
            <route cost="104.60" probability="1.00000000" edges="313329257#2 313329257#3 -318681921#3 -318681921#2 -318681921#1 11823485#0 11823485#1 11823485#2 11823485#3 11742093#0 -11965026#1 -11965026#0 11699690#6 11699690#7 -11963734#0"/>
        </routeDistribution>
    </vehicle>
    <vehicle id="veh77" type="passenger" depart="879.74" departLane="best">
        <routeDistribution last="0">
            <route cost="82.62" probability="1.00000000" edges="-11810524 318681921#0 11823485#0 11823485#1 11823485#2 11823485#3 11742093#0 11742093#1 11742093#2 54509010#3 -54509012#4"/>
        </routeDistribution>
    </vehicle>
    <vehicle id="veh78" type="passenger" depart="891.16" departLane="best">
        <routeDistribution last="0">
            <route cost="44.46" probability="1.00000000" edges="-318681921#5 -318681921#4 -313329257#3 -313329257#2 -313329257#1 -366700511#2 -27643478"/>
        </routeDistribution>
    </vehicle>
    <vehicle id="veh79" type="passenger" depart="902.59" departLane="best">
        <routeDistribution last="0">
            <route cost="46.23" probability="1.00000000" edges="-322188335 -11823485#3 -11823485#2 -11823485#1 -11823485#0 318681921#1 318681921#2"/>
        </routeDistribution>
    </vehicle>
    <vehicle id="veh81" type="passenger" depart="925.44" departLane="best">
        <routeDistribution last="0">
            <route cost="43.04" probability="1.00000000" edges="54509012#5 -54509012#5 -54509010#3 315560677#0 315560677#1"/>
        </routeDistribution>
    </vehicle>
    <vehicle id="veh83" type="passenger" depart="948.29" departLane="best">
        <routeDistribution last="0">
            <route cost="90.64" probability="1.00000000" edges="-54509010#6 -11830624#1 -11830624#0 -318681921#4 -318681921#3 -318681921#2 -318681921#1 -318681921#0 -335532205#0 -11851716"/>
        </routeDistribution>
    </vehicle>
    <vehicle id="veh84" type="passenger" depart="959.71" departLane="best">
        <routeDistribution last="0">
            <route cost="76.64" probability="1.00000000" edges="-315560677#1 -315560677#0 -11742093#2 -11742093#1 -11742093#0 -11823485#3 -11734289#1 -11734289#0 -11699690#2"/>
        </routeDistribution>
    </vehicle>
    <vehicle id="veh85" type="passenger" depart="971.14" departLane="best">
        <routeDistribution last="0">
            <route cost="131.52" probability="1.00000000" edges="-315560677#0 54509010#3 54509012#5 54509012#6"/>
        </routeDistribution>
    </vehicle>
    <vehicle id="veh87" type="passenger" depart="993.99" departLane="best">
        <routeDistribution last="0">
            <route cost="99.88" probability="1.00000000" edges="-366700511#1 -366700511#0 27643478 366700511#2 313329257#1 313329257#2 313329257#3 318681921#4 11830624#0 11830624#1 -54509010#5"/>
        </routeDistribution>
    </vehicle>
    <vehicle id="veh88" type="passenger" depart="1005.41" departLane="best">
        <routeDistribution last="0">
            <route cost="137.86" probability="1.00000000" edges="54509010#2 54509010#3 54509012#5 54509012#6"/>
        </routeDistribution>
    </vehicle>
    <vehicle id="veh89" type="passenger" depart="1016.84" departLane="best">
        <routeDistribution last="0">
            <route cost="53.83" probability="1.00000000" edges="11657438#1 -11657438#1 11830624#1 11830624#2"/>
        </routeDistribution>
    </vehicle>
    <vehicle id="veh90" type="passenger" depart="1028.26" departLane="best">
        <routeDistribution last="0">
            <route cost="57.96" probability="1.00000000" edges="-11722673#2 -11823485#1 -11823485#0 318681921#1 318681921#2 318681921#3 -313329257#3 -313329257#2 -313329257#1 -313329257#0"/>
        </routeDistribution>
    </vehicle>
    <vehicle id="veh91" type="passenger" depart="1039.69" departLane="best">
        <routeDistribution last="0">
            <route cost="155.47" probability="1.00000000" edges="-54509012#9 -54509012#5 -54509010#3 -54509010#2 -54509010#1 -54509010#0 -11963734#2 11963734#2"/>
        </routeDistribution>
    </vehicle>
    <vehicle id="veh93" type="passenger" depart="1062.54" departLane="best">
        <routeDistribution last="0">
            <route cost="70.03" probability="1.00000000" edges="-54509010#8 -54509010#6 -11830624#1 -11830624#0 -318681921#4 -318681921#3 -318681921#2 -318681921#1 -318681921#0 318681921#0"/>
        </routeDistribution>
    </vehicle>
    <vehicle id="veh94" type="passenger" depart="1073.97" departLane="best">
        <routeDistribution last="0">
            <route cost="40.91" probability="1.00000000" edges="-11699690#2 11722673#0 11822004#0 11734289#1 -11823485#2"/>
        </routeDistribution>
    </vehicle>
    <vehicle id="veh96" type="passenger" depart="1096.82" departLane="best">
        <routeDistribution last="0">
            <route cost="90.15" probability="1.00000000" edges="318681921#4 -318681921#4 -318681921#3 -318681921#2 -318681921#1 11823485#0 11823485#1 11823485#2 11823485#3 11742093#0 -11965026#1 -11965026#0 11699690#6 11699690#7 -11963734#0"/>
        </routeDistribution>
    </vehicle>
    <vehicle id="veh98" type="passenger" depart="1119.67" departLane="best">
        <routeDistribution last="0">
            <route cost="53.98" probability="1.00000000" edges="-318681921#4 -318681921#3 -318681921#2 -318681921#1 11823485#0 11823485#1 11823485#2 11823485#3 11742093#0 11742093#1 -11828372#1 11702104"/>
        </routeDistribution>
    </vehicle>
    <vehicle id="veh99" type="passenger" depart="1131.09" departLane="best">
        <routeDistribution last="0">
            <route cost="84.73" probability="1.00000000" edges="-11810524 318681921#0 318681921#1 318681921#2 318681921#3 318681921#4 11830624#0 11830624#1 11830624#2"/>
        </routeDistribution>
    </vehicle>
    <vehicle id="veh100" type="passenger" depart="1142.52" departLane="best">
        <routeDistribution last="0">
            <route cost="90.54" probability="1.00000000" edges="11742093#2 -11742093#2 -11742093#1 -11742093#0 -11823485#3 -11823485#2 -11823485#1 -11823485#0 318681921#1 318681921#2 318681921#3 -313329257#3 -313329257#2 -313329257#1 -313329257#0"/>
        </routeDistribution>
    </vehicle>
    <vehicle id="veh101" type="passenger" depart="1153.94" departLane="best">
        <routeDistribution last="0">
            <route cost="50.64" probability="1.00000000" edges="-267171458 11818472 -54509010#1 -54509010#0 -294779091#1 -294779091#0 11965026#0"/>
        </routeDistribution>
    </vehicle>
    <vehicle id="veh102" type="passenger" depart="1165.37" departLane="best">
        <routeDistribution last="0">
            <route cost="60.77" probability="1.00000000" edges="-11699690#0 -11823485#0 318681921#1 318681921#2 318681921#3 318681921#4 11830624#0 11657438#1"/>
        </routeDistribution>
    </vehicle>
    <vehicle id="veh103" type="passenger" depart="1176.79" departLane="best">
        <routeDistribution last="0">
            <route cost="118.81" probability="1.00000000" edges="54509012#5 54509012#6"/>
        </routeDistribution>
    </vehicle>
    <vehicle id="veh104" type="passenger" depart="1188.22" departLane="best">
        <routeDistribution last="0">
            <route cost="69.32" probability="1.00000000" edges="-11699690#0 -11823485#0 -318681921#0 -335532205#0 -11851716"/>
        </routeDistribution>
    </vehicle>
    <vehicle id="veh105" type="passenger" depart="1199.64" departLane="best">
        <routeDistribution last="0">
            <route cost="45.58" probability="1.00000000" edges="-11830624#2 -54509010#5 54509010#5"/>
        </routeDistribution>
    </vehicle>
    <vehicle id="veh106" type="passenger" depart="1211.07" departLane="best">
        <routeDistribution last="0">
            <route cost="11.61" probability="1.00000000" edges="318681921#2 318681921#3 318681921#4 318681921#5"/>
        </routeDistribution>
    </vehicle>
    <vehicle id="veh108" type="passenger" depart="1233.92" departLane="best">
        <routeDistribution last="0">
            <route cost="78.21" probability="1.00000000" edges="294779091#1 54509010#0 54509010#1 54509010#2 54509010#3 54509010#4 54509010#5 11830624#2"/>
        </routeDistribution>
    </vehicle>
    <vehicle id="veh109" type="passenger" depart="1245.34" departLane="best">
        <routeDistribution last="0">
            <route cost="172.60" probability="1.00000000" edges="11699690#3 11707545 266070271 11742093#0 11742093#1 11742093#2 54509010#3 54509012#5 54509012#6"/>
        </routeDistribution>
    </vehicle>
    <vehicle id="veh110" type="passenger" depart="1256.77" departLane="best">
        <routeDistribution last="0">
            <route cost="84.17" probability="1.00000000" edges="266070270 11965026#1 -11742093#0 -11823485#3 -11823485#2 -11823485#1 -11823485#0 318681921#1 318681921#2 318681921#3 -313329257#3 -313329257#2 -313329257#1 -313329257#0"/>
        </routeDistribution>
    </vehicle>
    <vehicle id="veh111" type="passenger" depart="1268.19" departLane="best">
        <routeDistribution last="0">
            <route cost="50.48" probability="1.00000000" edges="11742093#0 11742093#1 11742093#2 54509010#3 54509010#4 54509010#5 54509010#6 54509010#8"/>
        </routeDistribution>
    </vehicle>
    <vehicle id="veh112" type="passenger" depart="1279.62" departLane="best">
        <routeDistribution last="0">
            <route cost="77.44" probability="1.00000000" edges="-11949119 -54509010#6 -11830624#1 -11657438#0 -54509012#2 -11734289#2 -11823485#2 11722673#2"/>
        </routeDistribution>
    </vehicle>
    <vehicle id="veh113" type="passenger" depart="1291.04" departLane="best">
        <routeDistribution last="0">
            <route cost="59.58" probability="1.00000000" edges="11822004#0 11734289#1 11734289#2 54509012#2 11657438#0 -11830624#0"/>
        </routeDistribution>
    </vehicle>
    <vehicle id="veh114" type="passenger" depart="1302.47" departLane="best">
        <routeDistribution last="0">
            <route cost="41.14" probability="1.00000000" edges="11722673#0 11822004#0 11822004#1 266070270 -11965026#0"/>
        </routeDistribution>
    </vehicle>
    <vehicle id="veh115" type="passenger" depart="1313.89" departLane="best">
        <routeDistribution last="0">
            <route cost="104.83" probability="1.00000000" edges="-54509010#8 -54509010#6 -11830624#1 -11830624#0 -318681921#4 -313329257#3 -313329257#2 -313329257#1 -366700511#2 -27643478 366700511#0 366700511#1"/>
        </routeDistribution>
    </vehicle>
    <vehicle id="veh116" type="passenger" depart="1325.32" departLane="best">
        <routeDistribution last="0">
            <route cost="62.62" probability="1.00000000" edges="313329257#0 313329257#1 313329257#2 313329257#3 -318681921#3 -318681921#2 -318681921#1 11823485#0 11823485#1 -11722673#1"/>
        </routeDistribution>
    </vehicle>
    <vehicle id="veh117" type="passenger" depart="1336.74" departLane="best">
        <routeDistribution last="0">
            <route cost="59.80" probability="1.00000000" edges="-318681921#5 -318681921#4 -318681921#3 -318681921#2 -318681921#1 11823485#0 11823485#1 11823485#2 11823485#3 11742093#0 -11965026#1 -267171460"/>
        </routeDistribution>
    </vehicle>
    <vehicle id="veh119" type="passenger" depart="1359.59" departLane="best">
        <routeDistribution last="0">
            <route cost="49.12" probability="1.00000000" edges="11722673#1 11823485#2 11823485#3 11742093#0 -11965026#1 -11965026#0"/>
        </routeDistribution>
    </vehicle>
    <vehicle id="veh120" type="passenger" depart="1371.02" departLane="best">
        <routeDistribution last="0">
            <route cost="56.08" probability="1.00000000" edges="11823485#4 -11965026#1 -11965026#0 11699690#6 11699690#7 11699690#8"/>
        </routeDistribution>
    </vehicle>
    <vehicle id="veh121" type="passenger" depart="1382.44" departLane="best">
        <routeDistribution last="0">
            <route cost="47.65" probability="1.00000000" edges="-318681921#5 -318681921#4 -318681921#3 -318681921#2 -318681921#1 11823485#0 -11742522 11951808 -11685539#0"/>
        </routeDistribution>
    </vehicle>
    <vehicle id="veh122" type="passenger" depart="1393.87" departLane="best">
        <routeDistribution last="0">
            <route cost="46.33" probability="1.00000000" edges="-11699690#1 -11699690#0 -11823485#0 318681921#1 318681921#2 318681921#3 318681921#4 318681921#5"/>
        </routeDistribution>
    </vehicle>
    <vehicle id="veh123" type="passenger" depart="1405.30" departLane="best">
        <routeDistribution last="0">
            <route cost="72.74" probability="1.00000000" edges="318681923 335532205#0 318681921#0 11823485#0 11823485#1 11823485#2 11823485#3 11742093#0 -11965026#1 -11965026#0 11699690#6 11699690#7"/>
        </routeDistribution>
    </vehicle>
    <vehicle id="veh124" type="passenger" depart="1416.72" departLane="best">
        <routeDistribution last="0">
            <route cost="102.70" probability="1.00000000" edges="-11965026#1 11965026#1 -11742093#0 -11823485#3 -11823485#2 -11823485#1 -11823485#0 318681921#1 318681921#2 318681921#3 -313329257#3 -313329257#2 -313329257#1 -366700511#2 -27643478 366700511#0"/>
        </routeDistribution>
    </vehicle>
    <vehicle id="veh125" type="passenger" depart="1428.15" departLane="best">
        <routeDistribution last="0">
            <route cost="81.34" probability="1.00000000" edges="11963734#0 -11699690#7 -11699690#6 11965026#0 11965026#1 -11742093#0 -11823485#3 -11823485#2 -11823485#1 -11823485#0 318681921#1 318681921#2"/>
        </routeDistribution>
    </vehicle>
    <vehicle id="veh126" type="passenger" depart="1439.57" departLane="best">
        <routeDistribution last="0">
            <route cost="74.60" probability="1.00000000" edges="318681923 335532205#0 318681921#0 318681921#1 318681921#2 318681921#3 318681921#4 11830624#0 11830624#1 -11830624#1"/>
        </routeDistribution>
    </vehicle>
    <vehicle id="veh127" type="passenger" depart="1451.00" departLane="best">
        <routeDistribution last="0">
            <route cost="63.63" probability="1.00000000" edges="-11830624#1 -11657438#0 -54509012#2 -11734289#2 -11734289#1 -11734289#0"/>
        </routeDistribution>
    </vehicle>
    <vehicle id="veh128" type="passenger" depart="1462.42" departLane="best">
        <routeDistribution last="0">
            <route cost="49.36" probability="1.00000000" edges="11951808 -11951808 -11699690#0 -11823485#0 318681921#1 318681921#2 318681921#3 318681921#4 318681921#5"/>
        </routeDistribution>
    </vehicle>
    <vehicle id="veh129" type="passenger" depart="1473.85" departLane="best">
        <routeDistribution last="0">
            <route cost="36.83" probability="1.00000000" edges="-318681921#1 11823485#0 11823485#1 11823485#2 11734289#2"/>
        </routeDistribution>
    </vehicle>
    <vehicle id="veh130" type="passenger" depart="1485.27" departLane="best">
        <routeDistribution last="0">
            <route cost="58.54" probability="1.00000000" edges="-11722673#2 11823485#2 11823485#3 11742093#0 11742093#1 11742093#2 54509010#3 54509010#4 54509010#5"/>
        </routeDistribution>
    </vehicle>
    <vehicle id="veh131" type="passenger" depart="1496.70" departLane="best">
        <routeDistribution last="0">
            <route cost="58.35" probability="1.00000000" edges="313329257#3 54509012#0 54509012#1 54509012#2 54509012#3 54509012#4"/>
        </routeDistribution>
    </vehicle>
    <vehicle id="veh132" type="passenger" depart="1508.12" departLane="best">
        <routeDistribution last="0">
            <route cost="64.01" probability="1.00000000" edges="11965026#0 11965026#1 -11742093#0 -11823485#3 -11823485#2 -11823485#1 -11823485#0 318681921#1 318681921#2 318681921#3 318681921#4 318681921#5"/>
        </routeDistribution>
    </vehicle>
    <vehicle id="veh133" type="passenger" depart="1519.55" departLane="best">
        <routeDistribution last="0">
            <route cost="46.77" probability="1.00000000" edges="-11657438#2 -11657438#1 11830624#1 54509010#6 11949119"/>
        </routeDistribution>
    </vehicle>
    <vehicle id="veh134" type="passenger" depart="1530.97" departLane="best">
        <routeDistribution last="0">
            <route cost="56.68" probability="1.00000000" edges="-267171460 266070271 11742093#0 11742093#1 11742093#2 54509010#3 54509010#4 54509010#5"/>
        </routeDistribution>
    </vehicle>
    <vehicle id="veh135" type="passenger" depart="1542.40" departLane="best">
        <routeDistribution last="0">
            <route cost="82.27" probability="1.00000000" edges="11963734#1 11963734#2 54509010#0 54509010#1 54509010#2 -11742093#2 -11742093#1 -11742093#0 -11823485#3 -11823485#2 -11823485#1 -11823485#0 318681921#1 318681921#2 318681921#3"/>
        </routeDistribution>
    </vehicle>
    <vehicle id="veh136" type="passenger" depart="1553.82" departLane="best">
        <routeDistribution last="0">
            <route cost="68.29" probability="1.00000000" edges="11963734#0 -11699690#7 -11699690#6 11965026#0 11965026#1 -11742093#0 -11823485#3 -11734289#1"/>
        </routeDistribution>
    </vehicle>
    <vehicle id="veh137" type="passenger" depart="1565.25" departLane="best">
        <routeDistribution last="0">
            <route cost="51.62" probability="1.00000000" edges="-11823485#1 -11823485#0 318681921#1 318681921#2 318681921#3 -313329257#3 -313329257#2 -313329257#1 313329257#1"/>
        </routeDistribution>
    </vehicle>
    <vehicle id="veh138" type="passenger" depart="1576.67" departLane="best">
        <routeDistribution last="0">
            <route cost="116.66" probability="1.00000000" edges="11963734#0 -11699690#7 -11699690#6 11965026#0 11965026#1 -11742093#0 -11823485#3 -11823485#2 -11823485#1 -11823485#0 -318681921#0 -335532205#0 -11851716"/>
        </routeDistribution>
    </vehicle>
    <vehicle id="veh139" type="passenger" depart="1588.10" departLane="best">
        <routeDistribution last="0">
            <route cost="38.30" probability="1.00000000" edges="-11657438#2 -11657438#1 -11657438#0 54509012#3 -322188335 11742093#0 -11823485#4"/>
        </routeDistribution>
    </vehicle>
    <vehicle id="veh140" type="passenger" depart="1599.52" departLane="best">
        <routeDistribution last="0">
            <route cost="73.08" probability="1.00000000" edges="-267171458 11818472 54509010#2 -11742093#2 -11742093#1 -11742093#0 -11823485#3 -11823485#2 -11823485#1 -11823485#0 318681921#1 318681921#2 318681921#3"/>
        </routeDistribution>
    </vehicle>
    <vehicle id="veh141" type="passenger" depart="1610.95" departLane="best">
        <routeDistribution last="0">
            <route cost="89.21" probability="1.00000000" edges="54509010#4 54509010#5 -11830624#1 -11830624#0 -318681921#4 -313329257#3 -313329257#2 -313329257#1 -366700511#2 -27643478"/>
        </routeDistribution>
    </vehicle>
    <vehicle id="veh142" type="passenger" depart="1622.37" departLane="best">
        <routeDistribution last="0">
            <route cost="58.38" probability="1.00000000" edges="11722673#2 11722673#3 54509012#1 54509012#2 54509012#3 54509012#4 54509010#4 -468563989"/>
        </routeDistribution>
    </vehicle>
    <vehicle id="veh143" type="passenger" depart="1633.80" departLane="best">
        <routeDistribution last="0">
            <route cost="63.42" probability="1.00000000" edges="54509012#1 -11734289#2 11823485#3 -266070271 -11707545 11699690#4"/>
        </routeDistribution>
    </vehicle>
    <vehicle id="veh144" type="passenger" depart="1645.22" departLane="best">
        <routeDistribution last="0">
            <route cost="36.76" probability="1.00000000" edges="468563989 -54509010#4 -54509010#3 -11742093#2 -11742093#1 -11742093#0"/>
        </routeDistribution>
    </vehicle>
    <vehicle id="veh145" type="passenger" depart="1656.65" departLane="best">
        <routeDistribution last="0">
            <route cost="68.03" probability="1.00000000" edges="54509010#5 -11830624#1 -11830624#0 -318681921#4 -318681921#3 -318681921#2 -318681921#1 11823485#0 -11823485#0"/>
        </routeDistribution>
    </vehicle>
    <vehicle id="veh146" type="passenger" depart="1668.07" departLane="best">
        <routeDistribution last="0">
            <route cost="57.47" probability="1.00000000" edges="54509010#3 -54509010#3 -11742093#2 -11742093#1 -11965026#1 -11965026#0"/>
        </routeDistribution>
    </vehicle>
    <vehicle id="veh147" type="passenger" depart="1679.50" departLane="best">
        <routeDistribution last="0">
            <route cost="85.98" probability="1.00000000" edges="-11699690#8 -11699690#7 -11699690#6 11965026#0 11965026#1 -11742093#0 -11823485#3 11734289#2 -54509012#1"/>
        </routeDistribution>
    </vehicle>
    <vehicle id="veh149" type="passenger" depart="1702.35" departLane="best">
        <routeDistribution last="0">
            <route cost="43.94" probability="1.00000000" edges="-315560677#1 -315560677#0 -11742093#2 -11828372#1 11702104"/>
        </routeDistribution>
    </vehicle>
    <vehicle id="veh150" type="passenger" depart="1713.77" departLane="best">
        <routeDistribution last="0">
            <route cost="49.37" probability="1.00000000" edges="-11657438#0 54509012#3 54509012#4 -54509010#3 54509010#3"/>
        </routeDistribution>
    </vehicle>
    <vehicle id="veh151" type="passenger" depart="1725.20" departLane="best">
        <routeDistribution last="0">
            <route cost="151.36" probability="1.00000000" edges="-54509012#9 -54509012#5 54509010#4 54509010#5 54509010#6 11949119"/>
        </routeDistribution>
    </vehicle>
    <vehicle id="veh152" type="passenger" depart="1736.62" departLane="best">
        <routeDistribution last="0">
            <route cost="44.25" probability="1.00000000" edges="-299405884 -294779091#1 -294779091#0 -11699690#4"/>
        </routeDistribution>
    </vehicle>
    <vehicle id="veh153" type="passenger" depart="1748.05" departLane="best">
        <routeDistribution last="0">
            <route cost="42.29" probability="1.00000000" edges="11742093#1 -11742093#1 -11742093#0 -11823485#3 -11823485#2 -11823485#1 -11823485#0 318681921#1 -318681921#1"/>
        </routeDistribution>
    </vehicle>
    <vehicle id="veh154" type="passenger" depart="1759.48" departLane="best">
        <routeDistribution last="0">
            <route cost="82.83" probability="1.00000000" edges="11822004#1 266070271 -11823485#3 -11823485#2 -11823485#1 -11823485#0 318681921#1 318681921#2 318681921#3 -313329257#3 -313329257#2 -313329257#1 -313329257#0"/>
        </routeDistribution>
    </vehicle>
    <vehicle id="veh155" type="passenger" depart="1770.90" departLane="best">
        <routeDistribution last="0">
            <route cost="50.25" probability="1.00000000" edges="468563989 -54509010#4 -54509010#3 -11742093#2 -11742093#1 -11742093#0 -11823485#3 11823485#3"/>
        </routeDistribution>
    </vehicle>
    <vehicle id="veh156" type="passenger" depart="1782.33" departLane="best">
        <routeDistribution last="0">
            <route cost="55.40" probability="1.00000000" edges="318681923 335532205#0 318681921#0 11823485#0 11823485#1 -11722673#1 11822004#0 11734289#1"/>
        </routeDistribution>
    </vehicle>
    <vehicle id="veh157" type="passenger" depart="1793.75" departLane="best">
        <routeDistribution last="0">
            <route cost="42.93" probability="1.00000000" edges="-11965026#0 11699690#6 11699690#7 11699690#8"/>
        </routeDistribution>
    </vehicle>
    <vehicle id="veh158" type="passenger" depart="1805.18" departLane="best">
        <routeDistribution last="0">
            <route cost="68.73" probability="1.00000000" edges="-11657438#0 54509012#3 54509012#4 -54509010#3 -54509010#2 -54509010#1 -54509010#0 -294779091#1"/>
        </routeDistribution>
    </vehicle>
    <vehicle id="veh159" type="passenger" depart="1816.60" departLane="best">
        <routeDistribution last="0">
            <route cost="56.31" probability="1.00000000" edges="-318681921#5 -318681921#4 -318681921#3 -318681921#2 -318681921#1 11823485#0 11823485#1 11823485#2 11823485#3 11742093#0 11742093#1 -11828372#1 11702104"/>
        </routeDistribution>
    </vehicle>
    <vehicle id="veh160" type="passenger" depart="1828.03" departLane="best">
        <routeDistribution last="0">
            <route cost="43.51" probability="1.00000000" edges="11734289#1 11734289#2 54509012#2 11657438#0 11657438#1 11657438#2"/>
        </routeDistribution>
    </vehicle>
    <vehicle id="veh161" type="passenger" depart="1839.45" departLane="best">
        <routeDistribution last="0">
            <route cost="81.54" probability="1.00000000" edges="-322188335 -11823485#3 -11823485#2 -11823485#1 -11823485#0 -318681921#0 -335532205#0 -11851716"/>
        </routeDistribution>
    </vehicle>
    <vehicle id="veh162" type="passenger" depart="1850.88" departLane="best">
        <routeDistribution last="0">
            <route cost="104.59" probability="1.00000000" edges="-54509010#3 -11742093#2 -11742093#1 -11742093#0 -11823485#3 -11823485#2 -11823485#1 -11823485#0 318681921#1 318681921#2 318681921#3 -313329257#3 -313329257#2 -313329257#1 -366700511#2 -27643478 366700511#0"/>
        </routeDistribution>
    </vehicle>
    <vehicle id="veh163" type="passenger" depart="1862.30" departLane="best">
        <routeDistribution last="0">
            <route cost="58.14" probability="1.00000000" edges="11963734#0 -11699690#7 -11699690#6 11965026#0 -267171460 -11822004#1 -11822004#0"/>
        </routeDistribution>
    </vehicle>
    <vehicle id="veh164" type="passenger" depart="1873.73" departLane="best">
        <routeDistribution last="0">
            <route cost="41.40" probability="1.00000000" edges="11722673#0 11722673#1 -11823485#1 -11823485#0 318681921#1 318681921#2 -318681921#2"/>
        </routeDistribution>
    </vehicle>
    <vehicle id="veh166" type="passenger" depart="1896.58" departLane="best">
        <routeDistribution last="0">
            <route cost="96.59" probability="1.00000000" edges="313329257#0 313329257#1 313329257#2 313329257#3 -318681921#3 -318681921#2 -318681921#1 11823485#0 11823485#1 11823485#2 11823485#3 11742093#0 -11965026#1 -11965026#0 11699690#6 -11699690#6"/>
        </routeDistribution>
    </vehicle>
    <vehicle id="veh167" type="passenger" depart="1908.00" departLane="best">
        <routeDistribution last="0">
            <route cost="51.76" probability="1.00000000" edges="-318681921#3 -318681921#2 -318681921#1 11823485#0 11823485#1 11823485#2 11823485#3 11742093#0 11742093#1 11742093#2"/>
        </routeDistribution>
    </vehicle>
    <vehicle id="veh168" type="passenger" depart="1919.43" departLane="best">
        <routeDistribution last="0">
            <route cost="56.42" probability="1.00000000" edges="-11810524 318681921#0 318681921#1 318681921#2 318681921#3 318681921#4 11830624#0 11830624#1"/>
        </routeDistribution>
    </vehicle>
    <vehicle id="veh169" type="passenger" depart="1930.85" departLane="best">
        <routeDistribution last="0">
            <route cost="80.66" probability="1.00000000" edges="-54509010#8 -54509010#6 -54509010#5 -54509010#4 -54509010#3 -54509010#2 -54509010#1 -54509010#0 -11963734#2 -11963734#1 -11963734#0"/>
        </routeDistribution>
    </vehicle>
    <vehicle id="veh170" type="passenger" depart="1942.28" departLane="best">
        <routeDistribution last="0">
            <route cost="43.08" probability="1.00000000" edges="11734289#1 11734289#2 54509012#2 11657438#0 11657438#1 -11657438#1"/>
        </routeDistribution>
    </vehicle>
    <vehicle id="veh172" type="passenger" depart="1965.13" departLane="best">
        <routeDistribution last="0">
            <route cost="82.17" probability="1.00000000" edges="-11699690#8 11963734#1 11963734#2 54509010#0 54509010#1 54509010#2 54509010#3 54509010#4 54509010#5 -54509010#5"/>
        </routeDistribution>
    </vehicle>
    <vehicle id="veh173" type="passenger" depart="1976.55" departLane="best">
        <routeDistribution last="0">
            <route cost="56.66" probability="1.00000000" edges="-11742093#1 -11742093#0 -11823485#3 -11823485#2 -11823485#1 -11823485#0 318681921#1 318681921#2 318681921#3 54509012#0"/>
        </routeDistribution>
    </vehicle>
    <vehicle id="veh175" type="passenger" depart="1999.40" departLane="best">
        <routeDistribution last="0">
            <route cost="83.12" probability="1.00000000" edges="-11830624#1 11830624#1 -54509010#5 -54509010#4 -54509010#3 315560677#0 315560677#1"/>
        </routeDistribution>
    </vehicle>
    <vehicle id="veh176" type="passenger" depart="2010.83" departLane="best">
        <routeDistribution last="0">
            <route cost="138.14" probability="1.00000000" edges="-366700511#1 -366700511#0 27643478 366700511#2 313329257#1 313329257#2 313329257#3 -318681921#3 -318681921#2 -318681921#1 11823485#0 11823485#1 11823485#2 11823485#3 11742093#0 11742093#1 11742093#2 -54509010#2 -54509010#1 -54509010#0 299405884"/>
        </routeDistribution>
    </vehicle>
    <vehicle id="veh177" type="passenger" depart="2022.25" departLane="best">
        <routeDistribution last="0">
            <route cost="143.88" probability="1.00000000" edges="11742093#1 11742093#2 54509010#3 54509012#5 54509012#6"/>
        </routeDistribution>
    </vehicle>
    <vehicle id="veh179" type="passenger" depart="2045.10" departLane="best">
        <routeDistribution last="0">
            <route cost="61.28" probability="1.00000000" edges="318681923 335532205#0 318681921#0 11823485#0 -11742522 11699690#1 11699690#2 11734289#0"/>
        </routeDistribution>
    </vehicle>
    <vehicle id="veh181" type="passenger" depart="2067.95" departLane="best">
        <routeDistribution last="0">
            <route cost="48.53" probability="1.00000000" edges="294779091#0 -294779091#0 11699690#6 11699690#7 11699690#8"/>
        </routeDistribution>
    </vehicle>
    <vehicle id="veh182" type="passenger" depart="2079.38" departLane="best">
        <routeDistribution last="0">
            <route cost="80.05" probability="1.00000000" edges="318681923 335532205#0 318681921#0 11823485#0 11823485#1 11823485#2 11823485#3 11742093#0 -11965026#1 -11965026#0 11699690#6 11699690#7 11963734#1"/>
        </routeDistribution>
    </vehicle>
    <vehicle id="veh183" type="passenger" depart="2090.80" departLane="best">
        <routeDistribution last="0">
            <route cost="32.58" probability="1.00000000" edges="-54509010#3 -54509010#2 -54509010#1 -54509010#0 -11963734#2"/>
        </routeDistribution>
    </vehicle>
    <vehicle id="veh184" type="passenger" depart="2102.23" departLane="best">
        <routeDistribution last="0">
            <route cost="56.41" probability="1.00000000" edges="-11830624#1 -11830624#0 -318681921#4 -318681921#3 -318681921#2 -318681921#1 -318681921#0 11810524"/>
        </routeDistribution>
    </vehicle>
    <vehicle id="veh186" type="passenger" depart="2125.08" departLane="best">
        <routeDistribution last="0">
            <route cost="61.19" probability="1.00000000" edges="-11699690#1 11699690#1 11699690#2 11699690#3 11699690#4 294779091#0 294779091#1 -294779091#1"/>
        </routeDistribution>
    </vehicle>
    <vehicle id="veh187" type="passenger" depart="2136.51" departLane="best">
        <routeDistribution last="0">
            <route cost="69.26" probability="1.00000000" edges="-11949119 -54509010#6 -11830624#1 -11830624#0 -318681921#4 -313329257#3"/>
        </routeDistribution>
    </vehicle>
    <vehicle id="veh189" type="passenger" depart="2159.36" departLane="best">
        <routeDistribution last="0">
            <route cost="56.14" probability="1.00000000" edges="-11823485#4 -11823485#3 -11823485#2 -11823485#1 -11823485#0 318681921#1 318681921#2 318681921#3 318681921#4 11830624#0"/>
        </routeDistribution>
    </vehicle>
    <vehicle id="veh190" type="passenger" depart="2170.78" departLane="best">
        <routeDistribution last="0">
            <route cost="56.39" probability="1.00000000" edges="-318681921#1 11823485#0 11823485#1 11823485#2 11823485#3 11742093#0 -11965026#1 -11965026#0 11699690#6"/>
        </routeDistribution>
    </vehicle>
    <vehicle id="veh191" type="passenger" depart="2182.21" departLane="best">
        <routeDistribution last="0">
            <route cost="56.85" probability="1.00000000" edges="-318681921#4 -313329257#3 -313329257#2 -313329257#1 -366700511#2 -27643478 366700511#0 366700511#1"/>
        </routeDistribution>
    </vehicle>
    <vehicle id="veh193" type="passenger" depart="2205.06" departLane="best">
        <routeDistribution last="0">
            <route cost="83.23" probability="1.00000000" edges="313329257#1 313329257#2 313329257#3 -318681921#3 -318681921#2 -318681921#1 11823485#0 11823485#1 11823485#2 11823485#3 -266070271 266070271"/>
        </routeDistribution>
    </vehicle>
    <vehicle id="veh194" type="passenger" depart="2216.48" departLane="best">
        <routeDistribution last="0">
            <route cost="49.99" probability="1.00000000" edges="-315560677#0 54509010#3 54509010#4 54509010#5 -11830624#1 11657438#1 -11657438#1"/>
        </routeDistribution>
    </vehicle>
    <vehicle id="veh195" type="passenger" depart="2227.91" departLane="best">
        <routeDistribution last="0">
            <route cost="43.50" probability="1.00000000" edges="-299405884 -294779091#1 -294779091#0 11965026#0"/>
        </routeDistribution>
    </vehicle>
    <vehicle id="veh196" type="passenger" depart="2239.33" departLane="best">
        <routeDistribution last="0">
            <route cost="80.04" probability="1.00000000" edges="313329257#0 313329257#1 313329257#2 313329257#3 318681921#4 11830624#0 11830624#1 54509010#6 54509010#8"/>
        </routeDistribution>
    </vehicle>
    <vehicle id="veh197" type="passenger" depart="2250.76" departLane="best">
        <routeDistribution last="0">
            <route cost="81.63" probability="1.00000000" edges="-318681921#4 -318681921#3 -318681921#2 -318681921#1 11823485#0 11823485#1 11823485#2 11823485#3 11742093#0 11742093#1 11742093#2 -54509010#2 -54509010#1 -54509010#0 -11963734#2 11963734#2"/>
        </routeDistribution>
    </vehicle>
    <vehicle id="veh198" type="passenger" depart="2262.18" departLane="best">
        <routeDistribution last="0">
            <route cost="165.57" probability="1.00000000" edges="-54509012#9 -54509012#5 -54509010#3 -11742093#2 -11742093#1 -11742093#0 -11823485#3 -11823485#2 11722673#2"/>
        </routeDistribution>
    </vehicle>
    <vehicle id="veh199" type="passenger" depart="2273.61" departLane="best">
        <routeDistribution last="0">
            <route cost="53.19" probability="1.00000000" edges="-11823485#1 -11823485#0 -318681921#0 -335532205#0 -11851716"/>
        </routeDistribution>
    </vehicle>
    <vehicle id="veh201" type="passenger" depart="2296.46" departLane="best">
        <routeDistribution last="0">
            <route cost="79.37" probability="1.00000000" edges="-27643478 27643478 366700511#2 313329257#1 313329257#2 313329257#3 -318681921#3 -318681921#2 -318681921#1 11823485#0 11823485#1 11823485#2 11823485#3"/>
        </routeDistribution>
    </vehicle>
    <vehicle id="veh203" type="passenger" depart="2319.31" departLane="best">
        <routeDistribution last="0">
            <route cost="73.00" probability="1.00000000" edges="-54509010#1 54509010#1 54509010#2 -11742093#2 -11742093#1 -11742093#0 -11823485#3 -11823485#2 -11823485#1 -11742522"/>
        </routeDistribution>
    </vehicle>
    <vehicle id="veh204" type="passenger" depart="2330.73" departLane="best">
        <routeDistribution last="0">
            <route cost="50.42" probability="1.00000000" edges="11699690#7 -11699690#7 -11699690#6 -11699690#4 -11699690#3 -11699690#2 -11699690#1 11951808 -11685539#0"/>
        </routeDistribution>
    </vehicle>
    <vehicle id="veh205" type="passenger" depart="2342.16" departLane="best">
        <routeDistribution last="0">
            <route cost="77.79" probability="1.00000000" edges="-315560677#1 -315560677#0 -54509010#2 -54509010#1 -54509010#0 -11963734#2 -11963734#1 11699690#8"/>
        </routeDistribution>
    </vehicle>
    <vehicle id="veh206" type="passenger" depart="2353.58" departLane="best">
        <routeDistribution last="0">
            <route cost="45.64" probability="1.00000000" edges="-11657438#2 -11657438#1 -11830624#0 -318681921#4 -318681921#3 -318681921#2 -318681921#1 -318681921#0 11810524"/>
        </routeDistribution>
    </vehicle>
    <vehicle id="veh207" type="passenger" depart="2365.01" departLane="best">
        <routeDistribution last="0">
            <route cost="52.13" probability="1.00000000" edges="-11702104 11828372#1 -11742093#1 -11742093#0 322188335 -54509012#3 11657438#0 11657438#1 11657438#2"/>
        </routeDistribution>
    </vehicle>
    <vehicle id="veh209" type="passenger" depart="2387.86" departLane="best">
        <routeDistribution last="0">
            <route cost="45.68" probability="1.00000000" edges="-11822004#1 -11822004#0 11722673#1 -11823485#1 -11823485#0 -318681921#0"/>
        </routeDistribution>
    </vehicle>
    <vehicle id="veh210" type="passenger" depart="2399.28" departLane="best">
        <routeDistribution last="0">
            <route cost="80.70" probability="1.00000000" edges="11851716 335532205#0 318681921#0 318681921#1 318681921#2 318681921#3 -313329257#3 -313329257#2 -313329257#1 -366700511#2"/>
        </routeDistribution>
    </vehicle>
    <vehicle id="veh211" type="passenger" depart="2410.71" departLane="best">
        <routeDistribution last="0">
            <route cost="59.72" probability="1.00000000" edges="11830624#0 11830624#1 -54509010#5 -54509010#4 -54509010#3 315560677#0"/>
        </routeDistribution>
    </vehicle>
    <vehicle id="veh212" type="passenger" depart="2422.13" departLane="best">
        <routeDistribution last="0">
            <route cost="87.02" probability="1.00000000" edges="-11830624#2 -54509010#5 -54509010#4 -54509010#3 -11742093#2 -11742093#1 -11742093#0 -266070271 -11707545"/>
        </routeDistribution>
    </vehicle>
    <vehicle id="veh213" type="passenger" depart="2433.56" departLane="best">
        <routeDistribution last="0">
            <route cost="63.75" probability="1.00000000" edges="-11657438#2 -11657438#1 -11657438#0 54509012#3 -322188335 11742093#0 -11965026#1 -11965026#0 11699690#6"/>
        </routeDistribution>
    </vehicle>
    <vehicle id="veh214" type="passenger" depart="2444.98" departLane="best">
        <routeDistribution last="0">
            <route cost="73.57" probability="1.00000000" edges="54509012#5 -54509012#5 -54509010#3 -11742093#2 -11742093#1 -11742093#0 -11823485#3 -11823485#2 -11823485#1 -11823485#0 -318681921#0 -335532205#0 -318681923"/>
        </routeDistribution>
    </vehicle>
    <vehicle id="veh216" type="passenger" depart="2467.84" departLane="best">
        <routeDistribution last="0">
            <route cost="35.06" probability="1.00000000" edges="11734289#0 11822004#1 266070270 11965026#1"/>
        </routeDistribution>
    </vehicle>
    <vehicle id="veh218" type="passenger" depart="2490.69" departLane="best">
        <routeDistribution last="0">
            <route cost="44.32" probability="1.00000000" edges="-11702104 11828372#1 -11742093#1 -11742093#0 -11823485#3 -11823485#2 -11823485#1 11823485#1"/>
        </routeDistribution>
    </vehicle>
    <vehicle id="veh219" type="passenger" depart="2502.11" departLane="best">
        <routeDistribution last="0">
            <route cost="74.77" probability="1.00000000" edges="11685539#0 -11951808 -11699690#0 -11823485#0 -318681921#0 -335532205#0 -11851716"/>
        </routeDistribution>
    </vehicle>
    <vehicle id="veh221" type="passenger" depart="2524.96" departLane="best">
        <routeDistribution last="0">
            <route cost="56.26" probability="1.00000000" edges="266070270 11965026#1 -11742093#0 -11823485#3 -11823485#2 11722673#2 11722673#3 54509012#1"/>
        </routeDistribution>
    </vehicle>
    <vehicle id="veh222" type="passenger" depart="2536.39" departLane="best">
        <routeDistribution last="0">
            <route cost="66.64" probability="1.00000000" edges="-11699690#8 -11699690#7 -11699690#6 -11699690#4 -11699690#3 -11699690#2 -11699690#1 11951808 -11685539#0"/>
        </routeDistribution>
    </vehicle>
    <vehicle id="veh223" type="passenger" depart="2547.81" departLane="best">
        <routeDistribution last="0">
            <route cost="47.53" probability="1.00000000" edges="11822004#0 11822004#1 266070270 -11965026#0 11699690#6 11699690#7 -11699690#7"/>
        </routeDistribution>
    </vehicle>
    <vehicle id="veh226" type="passenger" depart="2582.09" departLane="best">
        <routeDistribution last="0">
            <route cost="74.19" probability="1.00000000" edges="313329257#0 313329257#1 313329257#2 313329257#3 -318681921#3 -318681921#2 -318681921#1 11823485#0 11823485#1 -11722673#1 11722673#1"/>
        </routeDistribution>
    </vehicle>
    <vehicle id="veh227" type="passenger" depart="2593.51" departLane="best">
        <routeDistribution last="0">
            <route cost="146.86" probability="1.00000000" edges="-11702104 11828372#1 11742093#2 54509010#3 54509012#5 54509012#6"/>
        </routeDistribution>
    </vehicle>
    <vehicle id="veh228" type="passenger" depart="2604.94" departLane="best">
        <routeDistribution last="0">
            <route cost="89.00" probability="1.00000000" edges="11963734#0 -11699690#7 -11699690#6 11965026#0 11965026#1 -11742093#0 -11823485#3 -11823485#2 -11823485#1 -11823485#0 -318681921#0 -335532205#0 -318681923"/>
        </routeDistribution>
    </vehicle>
    <vehicle id="veh229" type="passenger" depart="2616.36" departLane="best">
        <routeDistribution last="0">
            <route cost="21.73" probability="1.00000000" edges="-318681921#5 -318681921#4 -318681921#3 -318681921#2 -318681921#1 -318681921#0 -335532205#0"/>
        </routeDistribution>
    </vehicle>
    <vehicle id="veh230" type="passenger" depart="2627.79" departLane="best">
        <routeDistribution last="0">
            <route cost="50.55" probability="1.00000000" edges="-54509010#8 -54509010#6 -11830624#1 -11830624#0 -318681921#4"/>
        </routeDistribution>
    </vehicle>
    <vehicle id="veh231" type="passenger" depart="2639.21" departLane="best">
        <routeDistribution last="0">
            <route cost="104.99" probability="1.00000000" edges="-11699690#8 -11699690#7 -11699690#6 11965026#0 11965026#1 -11742093#0 -11823485#3 -11823485#2 -11823485#1 -11823485#0 318681921#1 318681921#2 318681921#3 54509012#0"/>
        </routeDistribution>
    </vehicle>
    <vehicle id="veh232" type="passenger" depart="2650.64" departLane="best">
        <routeDistribution last="0">
            <route cost="53.92" probability="1.00000000" edges="11722673#0 11822004#0 11734289#1 11823485#3 11742093#0 11742093#1 11742093#2 315560677#0"/>
        </routeDistribution>
    </vehicle>
    <vehicle id="veh234" type="passenger" depart="2673.49" departLane="best">
        <routeDistribution last="0">
            <route cost="75.00" probability="1.00000000" edges="-11949119 -54509010#6 -54509010#5 -54509010#4 -54509010#3 -54509010#2 -54509010#1 -54509010#0 299405884"/>
        </routeDistribution>
    </vehicle>
    <vehicle id="veh235" type="passenger" depart="2684.91" departLane="best">
        <routeDistribution last="0">
            <route cost="190.52" probability="1.00000000" edges="-54509012#9 -54509012#5 -54509010#3 -11742093#2 -11742093#1 -11742093#0 -11823485#3 -11734289#1 -11822004#0 -11722673#0 -11699690#1 11951808 11685539#1"/>
        </routeDistribution>
    </vehicle>
    <vehicle id="veh236" type="passenger" depart="2696.34" departLane="best">
        <routeDistribution last="0">
            <route cost="58.47" probability="1.00000000" edges="-318681921#5 11830624#0 11830624#1 54509010#6 11949119"/>
        </routeDistribution>
    </vehicle>
    <vehicle id="veh237" type="passenger" depart="2707.76" departLane="best">
        <routeDistribution last="0">
            <route cost="85.69" probability="1.00000000" edges="-11830624#2 -11830624#1 -11830624#0 -318681921#4 -318681921#3 -318681921#2 -318681921#1 -318681921#0 318681921#0"/>
        </routeDistribution>
    </vehicle>
    <vehicle id="veh238" type="passenger" depart="2719.19" departLane="best">
        <routeDistribution last="0">
            <route cost="58.14" probability="1.00000000" edges="294779091#0 -294779091#0 11965026#0 -267171460 -11822004#1 -11822004#0 -11722673#0"/>
        </routeDistribution>
    </vehicle>
    <vehicle id="veh239" type="passenger" depart="2730.61" departLane="best">
        <routeDistribution last="0">
            <route cost="84.37" probability="1.00000000" edges="318681921#2 -318681921#2 -318681921#1 11823485#0 11823485#1 11823485#2 11823485#3 11742093#0 -11965026#1 -11965026#0 11699690#6 11699690#7 -11963734#0"/>
        </routeDistribution>
    </vehicle>
    <vehicle id="veh240" type="passenger" depart="2742.04" departLane="best">
        <routeDistribution last="0">
            <route cost="54.48" probability="1.00000000" edges="-54509010#0 -294779091#1 -294779091#0 -11699690#4 -11699690#3 11734289#0"/>
        </routeDistribution>
    </vehicle>
    <vehicle id="veh242" type="passenger" depart="2764.89" departLane="best">
        <routeDistribution last="0">
            <route cost="58.24" probability="1.00000000" edges="313329257#0 313329257#1 313329257#2 313329257#3 -318681921#3 -318681921#2 -318681921#1 11823485#0 11823485#1 -11823485#1"/>
        </routeDistribution>
    </vehicle>
    <vehicle id="veh243" type="passenger" depart="2776.31" departLane="best">
        <routeDistribution last="0">
            <route cost="64.51" probability="1.00000000" edges="-11822004#1 11822004#1 266070270 -11965026#0 294779091#0 294779091#1 299405884"/>
        </routeDistribution>
    </vehicle>
    <vehicle id="veh244" type="passenger" depart="2787.74" departLane="best">
        <routeDistribution last="0">
            <route cost="72.51" probability="1.00000000" edges="-294779091#0 11965026#0 11965026#1 -11742093#0 -11823485#3 -11823485#2 -11823485#1 -11823485#0 318681921#1 318681921#2 318681921#3 318681921#4 318681921#5"/>
        </routeDistribution>
    </vehicle>
    <vehicle id="veh246" type="passenger" depart="2810.59" departLane="best">
        <routeDistribution last="0">
            <route cost="91.30" probability="1.00000000" edges="-11699690#3 11734289#0 11734289#1 11734289#2 54509012#2 11657438#0 11830624#1 54509010#6 11949119"/>
        </routeDistribution>
    </vehicle>
    <vehicle id="veh247" type="passenger" depart="2822.02" departLane="best">
        <routeDistribution last="0">
            <route cost="69.33" probability="1.00000000" edges="-54509010#8 -54509010#6 -54509010#5 -54509010#4 -54509010#3 -11742093#2 -11742093#1 -11742093#0 -266070271 266070270"/>
        </routeDistribution>
    </vehicle>
    <vehicle id="veh249" type="passenger" depart="2844.87" departLane="best">
        <routeDistribution last="0">
            <route cost="79.55" probability="1.00000000" edges="-54509010#8 -54509010#6 -54509010#5 -54509010#4 -54509010#3 -54509010#2 -54509010#1 -54509010#0 -294779091#1 -294779091#0 294779091#0"/>
        </routeDistribution>
    </vehicle>
    <vehicle id="veh250" type="passenger" depart="2856.29" departLane="best">
        <routeDistribution last="0">
            <route cost="94.73" probability="1.00000000" edges="-11699690#6 11965026#0 11965026#1 -11742093#0 -11823485#3 -11823485#2 -11823485#1 -11823485#0 -318681921#0 -335532205#0 -11851716"/>
        </routeDistribution>
    </vehicle>
    <vehicle id="veh253" type="passenger" depart="2890.57" departLane="best">
        <routeDistribution last="0">
            <route cost="56.59" probability="1.00000000" edges="11828372#0 11828372#1 -11742093#1 -11742093#0 -11823485#3 -11823485#2 -11823485#1 -11823485#0 318681921#1 -318681921#1"/>
        </routeDistribution>
    </vehicle>
    <vehicle id="veh255" type="passenger" depart="2913.42" departLane="best">
        <routeDistribution last="0">
            <route cost="65.16" probability="1.00000000" edges="-11830624#2 -54509010#5 -54509010#4 -54509010#3 -11742093#2 -11742093#1"/>
        </routeDistribution>
    </vehicle>
    <vehicle id="veh256" type="passenger" depart="2924.84" departLane="best">
        <routeDistribution last="0">
            <route cost="52.67" probability="1.00000000" edges="-11810524 318681921#0 11823485#0 11823485#1 11823485#2 11823485#3 11742093#0 11742093#1 -11742093#1"/>
        </routeDistribution>
    </vehicle>
    <vehicle id="veh257" type="passenger" depart="2936.27" departLane="best">
        <routeDistribution last="0">
            <route cost="168.09" probability="1.00000000" edges="-54509012#9 -54509012#5 -54509010#3 -11742093#2 -11742093#1 -11742093#0 -266070271 266070271"/>
        </routeDistribution>
    </vehicle>
    <vehicle id="veh258" type="passenger" depart="2947.69" departLane="best">
        <routeDistribution last="0">
            <route cost="92.27" probability="1.00000000" edges="-11742522 -11699690#0 -11823485#0 -318681921#0 -335532205#0 -11851716"/>
        </routeDistribution>
    </vehicle>
    <vehicle id="veh259" type="passenger" depart="2959.12" departLane="best">
        <routeDistribution last="0">
            <route cost="56.78" probability="1.00000000" edges="54509012#0 -11722673#3 -11722673#2 -11722673#1 -11722673#0 -11699690#1 11699690#1"/>
        </routeDistribution>
    </vehicle>
    <vehicle id="veh260" type="passenger" depart="2970.54" departLane="best">
        <routeDistribution last="0">
            <route cost="64.04" probability="1.00000000" edges="-11949119 -54509010#6 -11830624#1 -11657438#0 -54509012#2 -54509012#1 -11722673#3"/>
        </routeDistribution>
    </vehicle>
    <vehicle id="veh261" type="passenger" depart="2981.97" departLane="best">
        <routeDistribution last="0">
            <route cost="37.86" probability="1.00000000" edges="-11810524 -335532205#0 -11851716"/>
        </routeDistribution>
    </vehicle>
    <vehicle id="veh262" type="passenger" depart="2993.39" departLane="best">
        <routeDistribution last="0">
            <route cost="50.38" probability="1.00000000" edges="-11742093#1 -11742093#0 -11823485#3 -11734289#1 -11822004#0 -11722673#0 -11699690#1 11951808 -11685539#0"/>
        </routeDistribution>
    </vehicle>
    <vehicle id="veh263" type="passenger" depart="3004.82" departLane="best">
        <routeDistribution last="0">
            <route cost="162.68" probability="1.00000000" edges="-54509012#9 -54509012#5 -54509010#3 -11742093#2 -11742093#1 -11965026#1 -267171460"/>
        </routeDistribution>
    </vehicle>
    <vehicle id="veh264" type="passenger" depart="3016.24" departLane="best">
        <routeDistribution last="0">
            <route cost="87.13" probability="1.00000000" edges="54509010#6 -54509010#6 -54509010#5 -54509010#4 -54509010#3 -54509010#2 -54509010#1 -54509010#0 -11963734#2 -11963734#1 11699690#8"/>
        </routeDistribution>
    </vehicle>
    <vehicle id="veh265" type="passenger" depart="3027.67" departLane="best">
        <routeDistribution last="0">
            <route cost="68.91" probability="1.00000000" edges="315560677#0 -315560677#0 -11742093#2 -11742093#1 -11742093#0 -11823485#3 -11734289#1 -11822004#0 -11722673#0 -11699690#1 11951808 11685539#1"/>
        </routeDistribution>
    </vehicle>
    <vehicle id="veh266" type="passenger" depart="3039.09" departLane="best">
        <routeDistribution last="0">
            <route cost="50.40" probability="1.00000000" edges="318681921#0 11823485#0 11823485#1 11823485#2 11823485#3 11742093#0 11742093#1 -11828372#1 11702104"/>
        </routeDistribution>
    </vehicle>
    <vehicle id="veh267" type="passenger" depart="3050.52" departLane="best">
        <routeDistribution last="0">
            <route cost="53.52" probability="1.00000000" edges="-54509010#2 54509010#2 54509010#3 -54509012#4 -54509012#3 -54509012#2"/>
        </routeDistribution>
    </vehicle>
    <vehicle id="veh268" type="passenger" depart="3061.94" departLane="best">
        <routeDistribution last="0">
            <route cost="42.12" probability="1.00000000" edges="468563989 54509010#5 -11830624#1 11657438#1 11657438#2"/>
        </routeDistribution>
    </vehicle>
    <vehicle id="veh269" type="passenger" depart="3073.37" departLane="best">
        <routeDistribution last="0">
            <route cost="48.37" probability="1.00000000" edges="266070271 11742093#0 11742093#1 11742093#2 54509010#3 54509010#4 -468563989"/>
        </routeDistribution>
    </vehicle>
    <vehicle id="veh270" type="passenger" depart="3084.79" departLane="best">
        <routeDistribution last="0">
            <route cost="60.76" probability="1.00000000" edges="-11699690#0 11823485#1 11823485#2 11823485#3 11742093#0 11742093#1 11742093#2"/>
        </routeDistribution>
    </vehicle>
    <vehicle id="veh271" type="passenger" depart="3096.22" departLane="best">
        <routeDistribution last="0">
            <route cost="20.97" probability="1.00000000" edges="-11690395#3 -11812897"/>
        </routeDistribution>
    </vehicle>
    <vehicle id="veh272" type="passenger" depart="3107.64" departLane="best">
        <routeDistribution last="0">
            <route cost="72.39" probability="1.00000000" edges="11685539#0 -11951808 -11699690#0 -11823485#0 318681921#1 318681921#2 318681921#3 -313329257#3 -313329257#2 -313329257#1 -313329257#0"/>
        </routeDistribution>
    </vehicle>
    <vehicle id="veh273" type="passenger" depart="3119.07" departLane="best">
        <routeDistribution last="0">
            <route cost="63.13" probability="1.00000000" edges="11851716 335532205#0 318681921#0 318681921#1 318681921#2 11711688 11722673#3"/>
        </routeDistribution>
    </vehicle>
    <vehicle id="veh274" type="passenger" depart="3130.49" departLane="best">
        <routeDistribution last="0">
            <route cost="116.66" probability="1.00000000" edges="11963734#0 -11699690#7 -11699690#6 11965026#0 11965026#1 -11742093#0 -11823485#3 -11823485#2 -11823485#1 -11823485#0 -318681921#0 -335532205#0 -11851716"/>
        </routeDistribution>
    </vehicle>
    <vehicle id="veh275" type="passenger" depart="3141.92" departLane="best">
        <routeDistribution last="0">
            <route cost="46.23" probability="1.00000000" edges="-322188335 -11823485#3 -11823485#2 -11823485#1 -11823485#0 318681921#1 318681921#2"/>
        </routeDistribution>
    </vehicle>
    <vehicle id="veh276" type="passenger" depart="3153.35" departLane="best">
        <routeDistribution last="0">
            <route cost="65.53" probability="1.00000000" edges="54509012#3 -54509012#3 -54509012#2 -54509012#1 -54509012#0 -313329257#3 -313329257#2 -313329257#1 -313329257#0"/>
        </routeDistribution>
    </vehicle>
    <vehicle id="veh277" type="passenger" depart="3164.77" departLane="best">
        <routeDistribution last="0">
            <route cost="36.36" probability="1.00000000" edges="11699690#6 -11699690#6 -11699690#4 -11699690#3 11734289#0"/>
        </routeDistribution>
    </vehicle>
    <vehicle id="veh278" type="passenger" depart="3176.20" departLane="best">
        <routeDistribution last="0">
            <route cost="51.00" probability="1.00000000" edges="11823485#4 11742093#1 11742093#2 54509010#3 54509010#4 54509010#5 54509010#6 54509010#8"/>
        </routeDistribution>
    </vehicle>
    <vehicle id="veh279" type="passenger" depart="3187.62" departLane="best">
        <routeDistribution last="0">
            <route cost="71.46" probability="1.00000000" edges="-11822004#0 11722673#1 -11823485#1 -11823485#0 -318681921#0 -335532205#0 -11851716"/>
        </routeDistribution>
    </vehicle>
    <vehicle id="veh281" type="passenger" depart="3210.47" departLane="best">
        <routeDistribution last="0">
            <route cost="40.35" probability="1.00000000" edges="-11742093#0 11742093#0 -11965026#1 -11965026#0 11699690#6 11699690#7 -11699690#7"/>
        </routeDistribution>
    </vehicle>
    <vehicle id="veh282" type="passenger" depart="3221.90" departLane="best">
        <routeDistribution last="0">
            <route cost="39.00" probability="1.00000000" edges="-11657438#0 54509012#3 54509012#4 54509012#5 -54509012#5"/>
        </routeDistribution>
    </vehicle>
    <vehicle id="veh284" type="passenger" depart="3244.75" departLane="best">
        <routeDistribution last="0">
            <route cost="67.72" probability="1.00000000" edges="-11823485#4 11742093#0 11742093#1 11742093#2 54509010#3 54509010#4 54509010#5 11830624#2"/>
        </routeDistribution>
    </vehicle>
    <vehicle id="veh287" type="passenger" depart="3279.02" departLane="best">
        <routeDistribution last="0">
            <route cost="55.12" probability="1.00000000" edges="11963734#0 -11699690#7 -11699690#6 11965026#0 11965026#1 11742093#1"/>
        </routeDistribution>
    </vehicle>
    <vehicle id="veh288" type="passenger" depart="3290.45" departLane="best">
        <routeDistribution last="0">
            <route cost="44.61" probability="1.00000000" edges="11742093#0 11742093#1 11742093#2 54509010#3 54509010#4 54509010#5 54509010#6"/>
        </routeDistribution>
    </vehicle>
    <vehicle id="veh289" type="passenger" depart="3301.87" departLane="best">
        <routeDistribution last="0">
            <route cost="73.64" probability="1.00000000" edges="-318681921#5 -318681921#4 -318681921#3 -318681921#2 -318681921#1 11823485#0 11823485#1 11823485#2 11823485#3 11742093#0 -11965026#1 -11965026#0 11699690#6 11699690#7"/>
        </routeDistribution>
    </vehicle>
    <vehicle id="veh290" type="passenger" depart="3313.30" departLane="best">
        <routeDistribution last="0">
            <route cost="65.47" probability="1.00000000" edges="11722673#3 -54509012#0 -313329257#3 -313329257#2 -313329257#1 -366700511#2 366700511#2"/>
        </routeDistribution>
    </vehicle>
    <vehicle id="veh291" type="passenger" depart="3324.72" departLane="best">
        <routeDistribution last="0">
            <route cost="106.33" probability="1.00000000" edges="27643478 366700511#2 313329257#1 313329257#2 313329257#3 -318681921#3 -318681921#2 -318681921#1 11823485#0 11823485#1 11823485#2 11823485#3 11742093#0 -11965026#1 -11965026#0 11699690#6 -11699690#6"/>
        </routeDistribution>
    </vehicle>
    <vehicle id="veh292" type="passenger" depart="3336.15" departLane="best">
        <routeDistribution last="0">
            <route cost="80.68" probability="1.00000000" edges="-11734289#1 -11822004#0 11722673#1 -11823485#1 -11823485#0 318681921#1 318681921#2 318681921#3 -313329257#3 -313329257#2 -313329257#1 -313329257#0"/>
        </routeDistribution>
    </vehicle>
    <vehicle id="veh293" type="passenger" depart="3347.57" departLane="best">
        <routeDistribution last="0">
            <route cost="51.46" probability="1.00000000" edges="-11949119 -54509010#6 -54509010#5 -54509010#4 -54509010#3 -11742093#2"/>
        </routeDistribution>
    </vehicle>
    <vehicle id="veh296" type="passenger" depart="3381.85" departLane="best">
        <routeDistribution last="0">
            <route cost="71.36" probability="1.00000000" edges="-54509010#8 -54509010#6 -54509010#5 -54509010#4 -54509010#3 -11742093#2 -11742093#1 -11742093#0 -266070271 -11707545"/>
        </routeDistribution>
    </vehicle>
    <vehicle id="veh297" type="passenger" depart="3393.27" departLane="best">
        <routeDistribution last="0">
            <route cost="60.98" probability="1.00000000" edges="-11685539#1 -11951808 11699690#1 11722673#0 11722673#1 11722673#2 11722673#3 -54509012#0"/>
        </routeDistribution>
    </vehicle>
    <vehicle id="veh298" type="passenger" depart="3404.70" departLane="best">
        <routeDistribution last="0">
            <route cost="48.85" probability="1.00000000" edges="-267171458 11818472 -54509010#1 -54509010#0 -11963734#2 -11963734#1 -11963734#0"/>
        </routeDistribution>
    </vehicle>
    <vehicle id="veh299" type="passenger" depart="3416.12" departLane="best">
        <routeDistribution last="0">
            <route cost="64.45" probability="1.00000000" edges="-11699690#6 11965026#0 11965026#1 -11742093#0 -11823485#3 -11823485#2 11722673#2 11722673#3 54509012#1"/>
        </routeDistribution>
    </vehicle>
    <vehicle id="veh300" type="passenger" depart="3427.55" departLane="best">
        <routeDistribution last="0">
            <route cost="80.92" probability="1.00000000" edges="313329257#0 313329257#1 313329257#2 313329257#3 -318681921#3 -318681921#2 -318681921#1 11823485#0 11823485#1 11823485#2 11823485#3 11742093#0 11742093#1 -11828372#1 11702104"/>
        </routeDistribution>
    </vehicle>
    <vehicle id="veh301" type="passenger" depart="3438.97" departLane="best">
        <routeDistribution last="0">
            <route cost="147.29" probability="1.00000000" edges="54509010#0 54509010#1 54509010#2 54509010#3 54509012#5 54509012#6"/>
        </routeDistribution>
    </vehicle>
    <vehicle id="veh303" type="passenger" depart="3461.82" departLane="best">
        <routeDistribution last="0">
            <route cost="52.99" probability="1.00000000" edges="-11685539#1 -11951808 11699690#1 11722673#0 11822004#0 11822004#1 266070270 11965026#1"/>
        </routeDistribution>
    </vehicle>
    <vehicle id="veh304" type="passenger" depart="3473.25" departLane="best">
        <routeDistribution last="0">
            <route cost="75.27" probability="1.00000000" edges="-54509010#2 54509010#2 -11742093#2 -11742093#1 -11742093#0 -11823485#3 -11823485#2 -11823485#1 -11823485#0 -318681921#0 11810524"/>
        </routeDistribution>
    </vehicle>
    <vehicle id="veh305" type="passenger" depart="3484.67" departLane="best">
        <routeDistribution last="0">
            <route cost="31.22" probability="1.00000000" edges="335532205#0 318681921#0 11823485#0 11823485#1 -11823485#1"/>
        </routeDistribution>
    </vehicle>
    <vehicle id="veh306" type="passenger" depart="3496.10" departLane="best">
        <routeDistribution last="0">
            <route cost="73.69" probability="1.00000000" edges="-54509010#8 -54509010#6 -11830624#1 -11657438#0 -54509012#2 -11734289#2 -11823485#2 -11722673#1"/>
        </routeDistribution>
    </vehicle>
    <vehicle id="veh307" type="passenger" depart="3507.53" departLane="best">
        <routeDistribution last="0">
            <route cost="84.17" probability="1.00000000" edges="-299405884 54509010#0 54509010#1 54509010#2 -11742093#2 -11742093#1 -11742093#0 -11823485#3 -11823485#2 -11823485#1 -11823485#0 318681921#1 318681921#2 -318681921#2"/>
        </routeDistribution>
    </vehicle>
    <vehicle id="veh308" type="passenger" depart="3518.95" departLane="best">
        <routeDistribution last="0">
            <route cost="54.58" probability="1.00000000" edges="11742093#2 -11742093#2 -11742093#1 -11742093#0 -11823485#3 -11823485#2 -11823485#1 -11823485#0 318681921#1"/>
        </routeDistribution>
    </vehicle>
    <vehicle id="veh309" type="passenger" depart="3530.38" departLane="best">
        <routeDistribution last="0">
            <route cost="92.62" probability="1.00000000" edges="-267171458 11818472 54509010#2 -11742093#2 -11742093#1 -11742093#0 -11823485#3 -11823485#2 -11823485#1 -11823485#0 318681921#1 318681921#2 318681921#3 318681921#4 11830624#0"/>
        </routeDistribution>
    </vehicle>
    <vehicle id="veh310" type="passenger" depart="3541.80" departLane="best">
        <routeDistribution last="0">
            <route cost="66.13" probability="1.00000000" edges="11965026#1 -11965026#1 -11965026#0 11699690#6 11699690#7 11699690#8"/>
        </routeDistribution>
    </vehicle>
    <vehicle id="veh311" type="passenger" depart="3553.23" departLane="best">
        <routeDistribution last="0">
            <route cost="59.70" probability="1.00000000" edges="-267171458 11818472 54509010#2 54509010#3 -54509012#4 -54509012#3 54509012#3"/>
        </routeDistribution>
    </vehicle>
    <vehicle id="veh313" type="passenger" depart="3576.08" departLane="best">
        <routeDistribution last="0">
            <route cost="43.54" probability="1.00000000" edges="54509012#2 -54509012#2 -11734289#2 -11734289#1 -11822004#0 11822004#0"/>
        </routeDistribution>
    </vehicle>
    <vehicle id="veh314" type="passenger" depart="3587.50" departLane="best">
        <routeDistribution last="0">
            <route cost="137.83" probability="1.00000000" edges="-54509012#9 -54509012#5 -54509010#3 -54509010#2"/>
        </routeDistribution>
    </vehicle>
    <vehicle id="veh315" type="passenger" depart="3598.93" departLane="best">
        <routeDistribution last="0">
            <route cost="61.40" probability="1.00000000" edges="11830624#1 -54509010#5 -54509010#4 -54509010#3 -11742093#2 -11742093#1 11742093#1"/>
        </routeDistribution>
    </vehicle>
</routes>
