<?xml version="1.0" encoding="UTF-8"?>

<!-- generated on 02/13/18 15:58:27 by SUMO duarouter Version 0.31.0
<?xml version="1.0" encoding="UTF-8"?>

<configuration xmlns:xsi="http://www.w3.org/2001/XMLSchema-instance" xsi:noNamespaceSchemaLocation="http://sumo.dlr.de/xsd/duarouterConfiguration.xsd">

    <input>
        <net-file value="osm.net.xml"/>
        <route-files value="osm.passenger.trips.xml"/>
    </input>

    <output>
        <output-file value="osm.passenger.rou.xml"/>
    </output>

    <processing>
        <ignore-errors value="true"/>
    </processing>

    <time>
        <begin value="0"/>
        <end value="3600.0"/>
    </time>

    <report>
        <no-warnings value="true"/>
        <no-step-log value="true"/>
    </report>

</configuration>
-->

<routes xmlns:xsi="http://www.w3.org/2001/XMLSchema-instance" xsi:noNamespaceSchemaLocation="http://sumo.dlr.de/xsd/routes_file.xsd">
    <vType id="passenger" speedFactor="normc(1.00,0.10,0.20,2.00)" vClass="passenger"/>
	
	
	

	
	<vehicle id="veh0" type="passenger" depart="0.00" departLane="best">
        <route edges="11822004#0 11822004#1"/>
    </vehicle>
    <vehicle id="veh1" type="passenger" depart="0.00" departLane="best">
        <route edges="-11734289#1 -11734289#0"/>
    </vehicle>
    
	
</routes>
